SampleID,Target
valid1,-0.5559289845912202
valid2,-0.41597604968036744
valid3,-0.058143684309270895
valid4,-0.078992589478549133
valid5,0.053418497587335308
valid6,0.011731352127750132
valid7,-0.16972891039831584
valid8,-0.23820266597127848
valid9,-0.15360530047640386
valid10,-0.30614597050792658
valid11,-0.056511118623624935
valid12,-0.66526891430038404
valid13,0.47381818228170619
valid14,0.39268009418814676
valid15,0.045195296023747208
valid16,0.20965619016568571
valid17,-0.29302690398643244
valid18,0.024175839520449903
valid19,0.096840648579494398
valid20,-0.18247834630349247
valid21,-0.032965487560041959
valid22,-0.16369612897746585
valid23,-0.060843275014884429
valid24,0.021991041898747846
valid25,-0.042303696793788217
valid26,0.16578001082208596
valid27,0.25061515299907067
valid28,-1.0524980855788295
valid29,-0.0059630136562553128
valid30,-0.07453327258542497
valid31,0.026867754098783669
valid32,0.2484408278440931
valid33,-0.039646612704413928
valid34,-0.63861565850091173
valid35,0.064703470413375944
valid36,-0.33931031850952653
valid37,-0.089578560075239497
valid38,-0.049155692611861812
valid39,-0.16943965929258567
valid40,0.1761769505500547
valid41,0.44986976336673523
valid42,0.77523601641261786
valid43,0.50989412516364685
valid44,0.62109988953629058
valid45,-0.11332483353444557
valid46,-0.60091946286270859
valid47,-0.057444923603497643
valid48,1.019308529043657
valid49,0.17879954332525799
valid50,1.0393415518062219
valid51,0.8488550605422418
valid52,-0.35173377783144133
valid53,-0.26257206600896404
valid54,-0.70102900972769178
valid55,0.38448777504417125
valid56,0.073399772228514182
valid57,1.0323804868937334
valid58,-0.068394529617550603
valid59,-0.21513840683814459
valid60,0.098026200582114087
valid61,-0.12612732456555506
valid62,-0.13916676710399389
valid63,-0.16928144191387046
valid64,-0.017662856146087803
valid65,0.10498738134552514
valid66,-0.46306671825829931
valid67,0.12713804148234076
valid68,1.2706398351969816
valid69,0.9284976142516087
valid70,0.74815178493877488
valid71,0.11769169211082668
valid72,-0.13272805708448623
valid73,-0.99478858410786164
valid74,0.10162260575445321
valid75,-0.9389327871001043
valid76,-0.97952336647805793
valid77,-0.83255929026529496
valid78,-0.090814618234216646
valid79,0.11997855745155761
valid80,0.37056794126227077
valid81,-0.27331029367159587
valid82,0.023639200379983294
valid83,-0.42317771694724604
valid84,-0.56411880217792665
valid85,-0.96780424329111236
valid86,0.033988794688286104
valid87,0.080555523627540093
valid88,1.2010041463486385
valid89,0.10285849156766454
valid90,-0.32090496050987161
valid91,-0.017022559507966609
valid92,0.10038009715974447
valid93,-0.47423194475661118
valid94,0.04468953821890094
valid95,0.19018453172199379
valid96,-0.39894406129775567
valid97,0.10614124832216378
valid98,-0.9447400581527402
valid99,0.096513400651148828
valid100,0.99915091079973917
valid101,0.3126659792429114
valid102,0.66727749991530849
valid103,0.12492071224608815
valid104,0.063228417804784512
valid105,1.0128778354482708
valid106,0.11076570961058788
valid107,0.48857927911079368
valid108,0.62845153493880235
valid109,0.032906548945200148
valid110,0.95787207715743738
valid111,0.68443611566633988
valid112,0.040716477546442566
valid113,0.81218091499713674
valid114,-0.83599292380409618
valid115,-0.078620035709844827
valid116,-0.48153841412822174
valid117,0.28411327818674309
valid118,-0.008376762987907696
valid119,0.46999120476806211
valid120,0.11630303791535772
valid121,0.072830473460476927
valid122,-0.053759750086044757
valid123,-0.083319601642926303
valid124,-0.34169833301352043
valid125,-0.44192532826397718
valid126,-0.016918787929464496
valid127,0.65987638751830291
valid128,-0.074460116676843671
valid129,0.27715484384105582
valid130,-1.031009760531026
valid131,0.035898679070116742
valid132,0.034882936946205721
valid133,-1.0489168596349183
valid134,0.090481330701722429
valid135,-1.1747405419573309
valid136,0.17562240555439643
valid137,0.77292660891629228
valid138,-0.019805414697749459
valid139,-0.40944378595234621
valid140,-0.0019490300240273919
valid141,0.54453126727844114
valid142,0.90925858694026584
valid143,-0.37829904499324923
valid144,1.0805731312893565
valid145,-0.31935640198385401
valid146,-0.61150633670400711
valid147,-0.074710865727939779
valid148,-0.1817735924269421
valid149,0.21005966644350932
valid150,-0.39943738638715703
valid151,0.098545770477472067
valid152,0.067365653958438035
valid153,-1.0293617820702154
valid154,0.026338602842433216
valid155,-0.10869062865212227
valid156,0.80965435202173153
valid157,-0.23003717276722904
valid158,-0.38647869124329504
valid159,-0.87594486574760344
valid160,0.18071689696002152
valid161,0.60332851452157044
valid162,-0.011773277179524373
valid163,-0.21919787169701074
valid164,-0.51487477067236598
valid165,0.3209655328493396
valid166,-0.51476558897333935
valid167,-0.017562934983277236
valid168,-1.0931159949924556
valid169,0.26824510718044636
valid170,0.89320195739670305
valid171,0.29842189929607488
valid172,-0.022140329413927434
valid173,-0.012649418968506602
valid174,0.053177333671216138
valid175,0.013741859134139802
valid176,0.64749134223332294
valid177,-0.90146464449153096
valid178,0.074583842845574441
valid179,-0.65835092942190498
valid180,-0.86527431360542739
valid181,0.43984258594252895
valid182,-0.59325725691351816
valid183,-0.79249704418937073
valid184,0.3663241219710916
valid185,1.4586596820578774
valid186,-0.1426440682168191
valid187,0.21262719925282958
valid188,-0.0016285268350072519
valid189,1.078423268498053
valid190,-0.031678100763031514
valid191,-0.93851595026048817
valid192,0.63645814292047787
valid193,-0.056894025425684273
valid194,0.16870794286305224
valid195,-0.59892573123244663
valid196,0.80025119469348138
valid197,-0.021265436758270213
valid198,-0.15583249559384604
valid199,-0.79198416793936488
valid200,-0.028004392933052083
valid201,-0.117659162649592
valid202,-0.1675639346459015
valid203,-0.61208675485520581
valid204,0.035450117757708621
valid205,-0.091826824274140101
valid206,0.74609372316907463
valid207,0.059035206328943442
valid208,-0.14989046617767821
valid209,0.041562109345748798
valid210,-0.26090205589441523
valid211,-0.51141790215761096
valid212,0.84778024210450398
valid213,-0.063831626043486758
valid214,0.10312504278112644
valid215,0.019521024936726531
valid216,0.91232306594793344
valid217,-0.82483949427257675
valid218,0.19966872677606579
valid219,0.047732633064677128
valid220,-0.11053702223953844
valid221,-0.11931228784876315
valid222,0.011598079355364358
valid223,0.051158432924793856
valid224,-0.012541855637192702
valid225,-0.11130336819852855
valid226,0.98902239421638627
valid227,1.088445104282842
valid228,-0.59009367348561614
valid229,0.12405279919655844
valid230,0.14387284845861995
valid231,-0.090545405680212715
valid232,1.1860539403841066
valid233,-0.32853993348070554
valid234,-0.47017718120407248
valid235,0.19494873494793594
valid236,0.73922372437021533
valid237,-0.0034613191915160717
valid238,0.079767956319656663
valid239,-0.19922333098517159
valid240,-0.0024217250060093016
valid241,-0.068448436019773046
valid242,-0.80533667018571575
valid243,-0.87652477617316904
valid244,-0.61426231907683848
valid245,0.57321555153379811
valid246,-0.057702822939102089
valid247,-0.41135529626505363
valid248,0.24238957477353745
valid249,-0.10839705665272804
valid250,-0.16655992182775475
valid251,-0.0056272579006971784
valid252,0.0064759800285065505
valid253,0.44736010185795838
valid254,-0.05211972927046974
valid255,-0.87701933302570323
valid256,0.044116789784534212
valid257,-1.0217584138519038
valid258,-0.056176084755582188
valid259,0.43935076720119914
valid260,0.0683390035630137
valid261,-0.070582753501562651
valid262,1.0042491746390105
valid263,-0.1119542175492155
valid264,0.95834956182325937
valid265,0.866434082475951
valid266,-0.73415933847190973
valid267,0.50869780885649607
valid268,1.0530195738299153
valid269,-0.042751369332112966
valid270,-0.047163087570241069
valid271,0.45336248278147956
valid272,-0.22191224911532675
valid273,-0.26898135334712497
valid274,0.0016036013579886028
valid275,-0.0061055604366544907
valid276,-0.84327265942937912
valid277,0.57288543360250299
valid278,-0.5362616821931756
valid279,-0.80937741011681497
valid280,0.25298618190617611
valid281,0.92353136155635784
valid282,0.31308449435292313
valid283,-0.084451331350045636
valid284,0.12309880002635967
valid285,0.11161024549951164
valid286,-0.86954757465533872
valid287,0.28970173699433954
valid288,0.86502060541358994
valid289,0.14673491498375543
valid290,0.14935356726829932
valid291,-0.20267338766943804
valid292,-0.058557131674173798
valid293,-0.11926069724592206
valid294,-0.030405216214217531
valid295,0.25973709748807894
valid296,-0.36123408043896593
valid297,0.15050971109991665
valid298,0.22971970277561804
valid299,-0.084097610966689509
valid300,-0.11937266086296536
valid301,0.31693521038856126
valid302,0.67536111945945387
valid303,0.19907266079083413
valid304,0.44569786196789524
valid305,0.6354753318641011
valid306,-0.99950507309975101
valid307,1.0255862570465182
valid308,0.19897208262279387
valid309,-0.29539936899686442
valid310,0.23509305806887676
valid311,-0.14897823159880405
valid312,-0.072597876643417367
valid313,-0.88455032967718428
valid314,-0.19754183402778439
valid315,-0.19614751751677648
valid316,-0.54422974616273789
valid317,-0.30393212448778489
valid318,-0.15526133037559878
valid319,0.11093720742585955
valid320,0.0099717041323496187
valid321,0.75134970842129467
valid322,-0.077457407845143531
valid323,0.085675552526173995
valid324,-0.27707727948356159
valid325,0.15486069483383011
valid326,-0.045491003891012648
valid327,-0.076673610585640761
valid328,-0.028021972852695358
valid329,-0.90084828450005483
valid330,-0.072941578677159183
valid331,-0.057264572107234249
valid332,-0.19613189197299141
valid333,0.028851629194868927
valid334,0.021821588549114444
valid335,0.021919880795556283
valid336,-0.50473138632082915
valid337,0.47474890058036523
valid338,0.43236885454156343
valid339,-0.92879172539829535
valid340,-0.26865164204414488
valid341,-0.51697152114510669
valid342,-0.020237795238377487
valid343,-0.21882737548778627
valid344,0.12010325337985267
valid345,0.50615392550633209
valid346,0.034021776545659549
valid347,0.034616545807622211
valid348,-0.23391285611048651
valid349,-0.05443768769027952
valid350,0.58858019169052034
valid351,1.0854776967704463
valid352,0.14773502204974498
valid353,-0.56928581567270387
valid354,0.42783320380647183
valid355,0.38525261276512512
valid356,0.32640116093706584
valid357,-0.098493116899951841
valid358,-0.017726230981258299
valid359,0.045877632548578094
valid360,-0.51284724371564061
valid361,0.28723733977878013
valid362,-0.0670170230532047
valid363,-0.18980303827280295
valid364,-0.17637013754667594
valid365,-0.10159246809525758
valid366,0.24762418466644545
valid367,0.082039995044409661
valid368,-0.62400018647435984
valid369,0.83819753188773216
valid370,-0.11439881658984087
valid371,0.32178353139441618
valid372,-0.14371000626567867
valid373,0.027717881869242095
valid374,0.12695464466649761
valid375,-0.34806357425502932
valid376,-0.094055662818250063
valid377,0.82722736757940363
valid378,0.0065778112464596576
valid379,0.26624737688593952
valid380,0.13037799517072274
valid381,-0.14070138133830193
valid382,-0.0045499155549234534
valid383,-0.38740627768571878
valid384,-0.032321783695985144
valid385,-0.10079689357309905
valid386,0.18176802545168977
valid387,-0.014443576942731037
valid388,0.42609846972785359
valid389,0.056207159769532763
valid390,0.047580648427124811
valid391,0.82140225959568836
valid392,-0.46341183068558178
valid393,0.13826996510777873
valid394,-0.67076001081503878
valid395,0.95654167395108503
valid396,-0.004775385768044739
valid397,0.81923704991503177
valid398,-0.072494606326455366
valid399,-0.51021222414184397
valid400,-0.069118333864666023
valid401,0.06589602322281006
valid402,-0.61537183450865884
valid403,-0.10636612139158774
valid404,0.9375326660886264
valid405,-0.072195135183557704
valid406,-0.15754352726210352
valid407,0.057165989208590798
valid408,0.019772791547406132
valid409,0.067814862008260493
valid410,0.037765856634343647
valid411,-1.1006781917189461
valid412,0.12462911432210745
valid413,0.08058610922393887
valid414,-0.07483664362770602
valid415,0.20590223579665454
valid416,0.039222920113396294
valid417,0.024157113417201191
valid418,-0.11260870226621969
valid419,0.43116944827041337
valid420,0.20426286653805847
valid421,0.11713810072040069
valid422,-0.48531308378021298
valid423,0.019642505296279648
valid424,0.11285573407973859
valid425,0.14790115928225564
valid426,-0.16315302539814752
valid427,-0.530585817500561
valid428,-0.0042172262638408781
valid429,-0.0067929797319440212
valid430,-0.007802944937906264
valid431,-0.32545537834428012
valid432,-0.20434413598951889
valid433,0.17079317840866387
valid434,0.20484899986171834
valid435,-0.43468104631038551
valid436,0.023010084315998644
valid437,0.36512405292528249
valid438,0.28701315858783899
valid439,0.21589478831698924
valid440,0.59276164950102828
valid441,1.0987076069083048
valid442,0.58475107503400681
valid443,0.53458872447342087
valid444,0.068946738834998675
valid445,-0.55340632321569994
valid446,-0.57125142253497707
valid447,-0.11321449072125882
valid448,0.41121964930931165
valid449,-0.020010438920799699
valid450,0.74553491041147946
valid451,-0.33438333588769076
valid452,-0.28816923325297328
valid453,-0.00018371951553117872
valid454,-0.18856645150429757
valid455,-0.69024336539064401
valid456,-0.024637256490140782
valid457,-0.50096693220056476
valid458,0.2195238900549262
valid459,0.57813825260034912
valid460,-0.83268867585336737
valid461,0.057949752379351453
valid462,0.77461824144776414
valid463,0.063388080212202075
valid464,-0.11481672884025698
valid465,-0.99252881121342329
valid466,-0.033587261965422645
valid467,-0.060642651375503495
valid468,0.12395882306959204
valid469,-1.2304565501417311
valid470,-1.0846455845215393
valid471,-0.83561134623163147
valid472,-0.65748827246088815
valid473,-0.50494153146398812
valid474,-0.41246534767343729
valid475,-0.22568538920174111
valid476,-0.38229509149971808
valid477,-0.063502492994078272
valid478,-1.1344640139515774
valid479,-0.49377877440168666
valid480,-0.13488621483163085
valid481,-0.14766386749250807
valid482,-1.2643165086847432
valid483,-0.77425177629916186
valid484,-0.39437798432929322
valid485,0.10804380989873973
valid486,0.0074566349883504737
valid487,0.26582100262668912
valid488,0.015169947354658979
valid489,-0.46574753968161431
valid490,0.026869025272553308
valid491,0.4085610254368402
valid492,0.43918673773671635
valid493,0.86177749673540727
valid494,-0.040402736010603631
valid495,-0.20587634898325036
valid496,0.23224170892306376
valid497,-0.39324243163973555
valid498,-0.067618221920681815
valid499,-0.27124524199998534
valid500,-0.090017852817874888
valid501,0.63438378820930241
valid502,-0.051001486664613738
valid503,0.32145696661517253
valid504,0.45384612576635164
valid505,-0.3350915591757781
valid506,0.23592666769990076
valid507,0.50501058645968033
valid508,0.75603029641302433
valid509,-0.076996509201268271
valid510,-1.0890434276610634
valid511,-0.99384536422392566
valid512,0.64267447611878314
valid513,-0.13810372951295083
valid514,-0.55850530092314521
valid515,-0.38072977481655068
valid516,0.98858475884620745
valid517,-0.46582810749867515
valid518,0.079487850000591304
valid519,0.13785108204342272
valid520,-0.77041379542342192
valid521,0.079987247670900874
valid522,0.74880365431070628
valid523,-1.1083001217529558
valid524,0.059333622840897923
valid525,-0.29759411234007183
valid526,-0.16064593782148137
valid527,0.64121340298379248
valid528,-0.93761024503105594
valid529,0.92269215743715827
valid530,0.13838323096843158
valid531,0.34863714673262763
valid532,-0.18971333813048147
valid533,-0.26561533437028123
valid534,-0.29226217259687104
valid535,-0.73112382217563776
valid536,0.4307387238494445
valid537,0.11333771273469026
valid538,0.16602662610159613
valid539,0.28528692061431132
valid540,0.0024255328484150689
valid541,-0.38036587928249893
valid542,-0.012343061643155457
valid543,-0.12526761186293525
valid544,0.85641953866276521
valid545,1.0668129594948674
valid546,0.10176025828326747
valid547,-0.10741710329862855
valid548,-0.079272518708620163
valid549,0.25804115783899823
valid550,-0.33224569936143128
valid551,-0.75438999388421091
valid552,-0.066667751947810647
valid553,-0.013131101119233501
valid554,-0.6915062736855706
valid555,0.15054462039852745
valid556,-0.21844103249949773
valid557,-0.85873510921153517
valid558,-0.013369942350971397
valid559,0.21489972098680518
valid560,0.025883379177353068
valid561,1.0663118587735172
valid562,0.17618600674223697
valid563,0.1446915196945438
valid564,-0.20993110580817209
valid565,0.12131510497519302
valid566,-0.97224238671158014
valid567,0.086073104973138179
valid568,-0.87000967013448738
valid569,0.90350432295346417
valid570,-0.18641756621362582
valid571,0.00024910520631945057
valid572,-0.78529231332300387
valid573,-0.40813352528928482
valid574,0.6806855888087876
valid575,0.17863198482886614
valid576,-0.084463533433260768
valid577,0.84194730697281084
valid578,0.15399618703336482
valid579,-0.35081124519399726
valid580,0.0080214884923603888
valid581,-0.59304357504046368
valid582,-0.42819675791146555
valid583,0.0093848849892600589
valid584,-0.20469635390137772
valid585,-0.14883650790667663
valid586,0.020921538241152105
valid587,0.19820838856248393
valid588,0.088491780220484428
valid589,0.1093746913085384
valid590,-1.0787319811338576
valid591,-0.1931906720095565
valid592,-0.77238605067041044
valid593,-0.23911651178886584
valid594,1.0572880760608416
valid595,0.97305255871052965
valid596,-0.025080899750056163
valid597,-0.17285732404633658
valid598,0.14629391545882739
valid599,0.022473391320038838
valid600,0.5723039677259032
valid601,0.26018960592160922
valid602,0.035580289887410597
valid603,-0.012600262388891049
valid604,-0.070068665251929341
valid605,0.059629925856961669
valid606,-0.065213182046888127
valid607,0.26071277231443685
valid608,0.057874122829933775
valid609,-0.016462248511403439
valid610,-0.079160798456669887
valid611,-0.13138125436705467
valid612,1.2726462435643555
valid613,-0.54719299699939428
valid614,-1.0363946954540399
valid615,-0.099291170388260644
valid616,0.34452148569185426
valid617,-0.029056321929730441
valid618,0.52561966032758023
valid619,0.96546700592397128
valid620,-0.075312474337039512
valid621,-0.38502794611935165
valid622,-1.2356246330345144
valid623,-0.33126595509635265
valid624,0.74582852807017153
valid625,-0.15879646306999251
valid626,0.49440299958917761
valid627,0.32947267565105287
valid628,-0.22190966848714086
valid629,0.77355068658755832
valid630,0.68311985262498331
valid631,0.044394325915345666
valid632,-0.37029952162114965
valid633,-0.27999820729254543
valid634,-0.39734312799577576
valid635,0.39957954163284315
valid636,0.036179506170563779
valid637,0.067692177948311061
valid638,-0.016346121721032898
valid639,0.50311999968610444
valid640,-0.056636108921536053
valid641,-0.031577323768107915
valid642,0.052134305138144224
valid643,0.037124882930702312
valid644,0.29728079729878215
valid645,0.057369735852884365
valid646,0.040752135580001972
valid647,1.0098476485119194
valid648,-0.041227740209664673
valid649,0.59841698742027416
valid650,-0.25627303888706088
valid651,0.85065446030722547
valid652,-0.099448213546088293
valid653,-0.043843611276766073
valid654,-0.05408023013732606
valid655,-0.13992217324247874
valid656,-0.0071797893801239902
valid657,0.21727041835523947
valid658,-0.10115548570718765
valid659,0.80737779967507817
valid660,-0.084361701455315255
valid661,0.31656840327940261
valid662,-0.25567110506415858
valid663,-0.87671792663612436
valid664,0.3027823171050934
valid665,0.00066123191616127008
valid666,-0.15308120382911813
valid667,-0.46665613861542093
valid668,0.35715645917871774
valid669,0.3808115631547595
valid670,-0.32531086752960053
valid671,-0.010974247363870461
valid672,-0.023432456064793352
valid673,0.18260072206910077
valid674,-0.065862160492646649
valid675,0.065400161553498218
valid676,0.37291551246855553
valid677,-0.34526707125356754
valid678,-0.0053315558062910027
valid679,0.9848787962543214
valid680,0.80469192026714143
valid681,0.096477689824713733
valid682,-0.42404939090447158
valid683,0.023134889306804712
valid684,-0.14804831840720059
valid685,-0.96973735210285916
valid686,0.39467833382749334
valid687,0.0082907740929032952
valid688,-1.1497179106029141
valid689,-0.73124769735891004
valid690,-0.050074267743050745
valid691,0.074321458095058329
valid692,-0.073979581969380495
valid693,-0.58684874318579949
valid694,0.12532619915120974
valid695,-0.4350378016979477
valid696,-0.50996088252284377
valid697,0.13358477271301392
valid698,-0.093848603413114517
valid699,0.51040921587958821
valid700,1.0420619148426942
valid701,0.38817216578336455
valid702,-0.96941429341879615
valid703,0.018502099372666538
valid704,0.065942338235035869
valid705,0.93607502713924184
valid706,0.017735299038843345
valid707,-0.036026953875319678
valid708,0.35212016444418387
valid709,0.0012522456263221256
valid710,1.0127943541844675
valid711,-0.066204058921360318
valid712,-0.19040086452971333
valid713,0.4560887104529448
valid714,0.35330617758181532
valid715,-0.058064166138556667
valid716,0.51162408190072328
valid717,0.10757901553098151
valid718,-0.20603874834566088
valid719,-0.71205861838115936
valid720,0.40872925282587058
valid721,-0.03756400794611886
valid722,0.012917493527059138
valid723,1.0329325732938792
valid724,-0.023276286816745328
valid725,0.12513187593328012
valid726,-0.85059493578525935
valid727,0.16194673654791583
valid728,-0.07626422324294474
valid729,-0.023708265107868724
valid730,-0.0011471934553243085
valid731,0.9283202305336915
valid732,-0.0088557017697418004
valid733,0.34578021242796891
valid734,0.28974465627273521
valid735,0.094795737259444471
valid736,-0.023427566216603073
valid737,0.39166829012779575
valid738,-0.52456313555381973
valid739,-0.40071251806375768
valid740,-0.42641637397850712
valid741,0.17332863486491296
valid742,0.32130394226272219
valid743,-0.56868431037048039
valid744,-0.60560168714566676
valid745,-0.32830789951499906
valid746,-0.36296039145994141
valid747,-0.1267347529703691
valid748,1.161395407195644
valid749,0.039673524137757835
valid750,0.21283949246169695
valid751,-0.87204116996110204
valid752,1.054820082996861
valid753,0.61613972385094873
valid754,0.94247314168429652
valid755,0.91821170546346798
valid756,0.72027966885096317
valid757,-0.095211205170860957
valid758,0.034227781617253122
valid759,-0.077288092387294449
valid760,0.062617481397197194
valid761,0.95282520935153492
valid762,-0.0076086865386602847
valid763,-0.98634037628749027
valid764,0.0046113246529792921
valid765,-0.2267837894023717
valid766,0.42156444436918367
valid767,-0.25990078822739038
valid768,-0.16426381199431528
valid769,-0.3932290960453021
valid770,-0.27273453376801499
valid771,0.079996063952067153
valid772,-0.029260350712927256
valid773,0.037824037899683985
valid774,0.29070300318412057
valid775,-0.099972282390239406
valid776,-0.02037774032696137
valid777,0.71106172606017271
valid778,-0.098223026874131744
valid779,-0.80736795594907296
valid780,-0.037873664616724416
valid781,0.52828157952340438
valid782,-0.85716652989067965
valid783,-0.01694168584487183
valid784,-0.9552149108490976
valid785,-0.0065259034780072141
valid786,1.2361306376938692
valid787,0.97799340327462492
valid788,0.16115384720578754
valid789,0.39209150093505246
valid790,-0.024240757668726975
valid791,-1.0160498276596683
valid792,0.19242078771977852
valid793,-0.77416612828288811
valid794,-0.034922044040648428
valid795,-0.077630599896537644
valid796,1.183964306759645
valid797,-0.10009194952991224
valid798,0.57463152167774756
valid799,0.083930442454936638
valid800,0.4840127281127069
valid801,0.64197775015683778
valid802,-0.010166666107298623
valid803,0.032023437369145327
valid804,0.83108075995265318
valid805,1.1730542775364046
valid806,-0.2817929299086015
valid807,0.002342045812330786
valid808,0.058559605060534876
valid809,0.81257470588420799
valid810,-0.079311786234818757
valid811,-0.261398860774879
valid812,-0.18930068726988336
valid813,0.27881948559893988
valid814,-0.28034004661818562
valid815,-0.29684021672711303
valid816,1.1193265452153291
valid817,1.0396711203392821
valid818,-0.48375970755057601
valid819,0.25699384497866951
valid820,0.60747926773198802
valid821,-1.0384315204840457
valid822,-0.60064040613660763
valid823,0.39129849287635615
valid824,-0.78239662005751964
valid825,-0.069608231034232165
valid826,0.83760992923737354
valid827,-0.044724315008403216
valid828,0.0087132434440928275
valid829,0.06636696809723247
valid830,0.53670016589377867
valid831,-0.30881512872400363
valid832,0.42329022271669919
valid833,-0.30676175491215563
valid834,0.62623392620337026
valid835,-0.59691194985926843
valid836,-0.44665497447169122
valid837,-0.0088275872125368054
valid838,-1.1985709647486817
valid839,0.48842844390396739
valid840,-0.048454668030479674
valid841,-0.27425180085758522
valid842,-0.049664001386968269
valid843,-1.0029628904686116
valid844,0.50913695001942438
valid845,-0.086633965214442069
valid846,-0.41229018960501612
valid847,0.61489415342784304
valid848,-1.0312187703365863
valid849,0.43146051164925303
valid850,-0.061052827452101534
valid851,-1.1269062638826373
valid852,0.0015824232537710351
valid853,-0.25133655918135367
valid854,0.0460846842287592
valid855,0.62355681420823394
valid856,-0.14808787693505715
valid857,-0.034151492945376165
valid858,-0.064082440106688357
valid859,0.05383658724682551
valid860,1.0184478201611016
valid861,-0.057888195619129168
valid862,-0.81461101271809344
valid863,-1.1966087531783896
valid864,1.1145647553380662
valid865,0.18508504535896991
valid866,-0.09683878044474846
valid867,0.21916900372317022
valid868,-0.041228680255494241
valid869,-0.98232992377197115
valid870,0.00085169339802216952
valid871,0.057731581334715239
valid872,0.021665866422662723
valid873,0.67439662074462747
valid874,-0.53953741909774477
valid875,0.47292378258584533
valid876,0.36673469376063861
valid877,0.68933948634206466
valid878,0.46522703786539277
valid879,-0.29311570813459875
valid880,-0.19500083363973975
valid881,-0.037227978223484809
valid882,-0.40912754448207933
valid883,-0.23174258315094712
valid884,-0.13008234578878103
valid885,-0.10703891215979307
valid886,0.38477791882786522
valid887,0.067906464370365766
valid888,0.55824525068152797
valid889,0.7300477090287264
valid890,0.47855429397430854
valid891,0.56307107868888118
valid892,1.0123726539363678
valid893,-1.1841180723840443
valid894,-0.02098884172095267
valid895,0.17592863538794482
valid896,-0.29994010837413682
valid897,-0.16663198949488753
valid898,0.50202842776715539
valid899,-0.29200887995710911
valid900,0.82513246035934018
valid901,0.10391004221762989
valid902,-0.35249997192355698
valid903,0.049560040409455948
valid904,-0.92523576816630948
valid905,-0.031927072116587643
valid906,0.86245762672141335
valid907,0.3039110600169535
valid908,0.48866261528445543
valid909,0.031653953792759211
valid910,0.32747131502213755
valid911,0.23805687569315301
valid912,-0.82440744422344314
valid913,-1.1894343105838796
valid914,-1.0396031569221627
valid915,-0.52379441430286422
valid916,-0.2666109799127559
valid917,0.50262720350921508
valid918,-0.17241467868079016
valid919,-0.52334258373488773
valid920,0.13352053536210515
valid921,0.89311599401656783
valid922,-0.13975067517182321
valid923,-0.034276580724251694
valid924,-0.62382800680071793
valid925,0.10152384998244809
valid926,-0.35259410915969763
valid927,-0.85863216215308202
valid928,0.19109680223784112
valid929,0.39047786427566256
valid930,0.85611327118073399
valid931,0.18898159504839665
valid932,-0.063860280051830115
valid933,0.20270091279668606
valid934,0.68480457222724578
valid935,0.039279505773221444
valid936,0.025174316118603098
valid937,0.13788808356785312
valid938,-0.014017039561541
valid939,-0.02035670993773837
valid940,0.94692338366812145
valid941,0.33899621155976711
valid942,0.1693689935722438
valid943,-0.77775242167132386
valid944,0.39482160567241076
valid945,-0.83179213559673493
valid946,0.79946597378517004
valid947,0.87032335856789533
valid948,0.034121277262708374
valid949,0.42838741181173251
valid950,-0.042704975273127173
valid951,0.21998444878655246
valid952,-0.0017147807109652701
valid953,0.10770635019011555
valid954,0.78993720864574291
valid955,-0.52446725561362273
valid956,0.36510586938911349
valid957,-0.15554844581356975
valid958,-0.032955796415994332
valid959,0.50658199127022452
valid960,-0.19580864255510264
valid961,0.11889209383716537
valid962,0.41398658147222822
valid963,0.77337291279094567
valid964,0.032329364941246524
valid965,1.0144830882271341
valid966,0.94883224036002367
valid967,0.31559814500378813
valid968,0.96460344299992784
valid969,-0.10266188013744576
valid970,-0.3597775309992059
valid971,-1.1094451428219536
valid972,0.15177250069391029
valid973,0.87963501375584718
valid974,0.19067380784971374
valid975,0.044885998504972081
valid976,-0.085235856630464804
valid977,0.41337173425189172
valid978,-0.84290080543147472
valid979,-0.065053923725822138
valid980,-0.30787700424603581
valid981,0.010569857934561118
valid982,-0.081540007662291164
valid983,-0.15973696666522966
valid984,0.21100067545249285
valid985,0.11141041986083579
valid986,0.51663227771330711
valid987,-0.241760840732576
valid988,-0.057222442172259858
valid989,0.15965519760241678
valid990,-0.48382487300539911
valid991,-0.079566713100812939
valid992,0.41496146016629587
valid993,-0.2700859326655376
valid994,-0.28188259223492196
valid995,1.1690539819419208
valid996,0.86647674626605509
valid997,0.041393041824258944
valid998,-0.91096240013990204
valid999,-0.038476439758982482
valid1000,-0.39506464067064084
valid1001,-0.0077971392562317422
valid1002,-1.0961042468355133
valid1003,-0.31043557028251045
valid1004,-1.140225135777845
valid1005,-0.1137172979146413
valid1006,-0.17062262011758647
valid1007,0.010975005030204281
valid1008,-0.074253426255008942
valid1009,0.081849429759298514
valid1010,0.20817253497328547
valid1011,0.061285110764070186
valid1012,-0.078522918786410392
valid1013,-0.079733334039580758
valid1014,0.53545988910007525
valid1015,0.80517523796915169
valid1016,0.34693680510342223
valid1017,-0.036389747795614116
valid1018,0.17939754111077705
valid1019,-0.058035690291402139
valid1020,-0.95412921567177422
valid1021,0.62824375382953335
valid1022,0.016065850299415478
valid1023,-0.31663275744255426
valid1024,-0.12124874664359576
valid1025,-0.097247959005516776
valid1026,-0.044722748224399748
valid1027,0.61447389724174006
valid1028,0.028545798980417047
valid1029,0.275091166959466
valid1030,0.011772642704570881
valid1031,-1.0357934952656735
valid1032,0.58921351934579136
valid1033,0.81253675104756251
valid1034,0.34903745251299551
valid1035,1.0459783492348531
valid1036,1.1063572760999971
valid1037,-0.055951446608712284
valid1038,-0.21570854941091142
valid1039,-0.038173944792257782
valid1040,-0.47676483450007984
valid1041,-0.94348491532761303
valid1042,-0.14608927585281148
valid1043,0.13682215018701169
valid1044,0.037661253493803018
valid1045,-0.00012108902389140831
valid1046,0.18894369604841391
valid1047,-0.1369340272068163
valid1048,-0.23865148612427148
valid1049,0.014499069258186999
valid1050,0.11731608412316359
valid1051,0.22284491110786381
valid1052,-0.75727031037035109
valid1053,0.35192489909932567
valid1054,1.027531376405334
valid1055,-1.0825523411900537
valid1056,-0.14830540312604365
valid1057,-0.061277400405765202
valid1058,0.29154885291662647
valid1059,0.25480483921765706
valid1060,-0.9509730066330967
valid1061,-0.56316054708482044
valid1062,-0.54816956002500516
valid1063,0.68374817430441936
valid1064,0.3172472694692659
valid1065,0.17549414875334096
valid1066,-0.21833929820103162
valid1067,0.02386778933211927
valid1068,0.033203539068597604
valid1069,0.20588530656635276
valid1070,0.74357478869403426
valid1071,-1.1734061630567707
valid1072,0.031490341965498665
valid1073,0.56273682291687788
valid1074,0.94266005675559972
valid1075,0.0078106134675533659
valid1076,-0.33162481140468458
valid1077,0.070517833290977647
valid1078,-0.11267758755027718
valid1079,0.14292595087386351
valid1080,0.011012804383143395
valid1081,0.39952027682050112
valid1082,0.046614052671740958
valid1083,1.0760692676706498
valid1084,-0.63087667559569882
valid1085,-0.10399137423643955
valid1086,-0.15356797412135237
valid1087,0.29222035329769946
valid1088,0.26400311909288854
valid1089,0.036808858839377449
valid1090,0.93939380345001733
valid1091,-0.086368280722805654
valid1092,0.11500456876471823
valid1093,-0.056722531030054778
valid1094,-0.209412733786288
valid1095,-0.2080489864020359
valid1096,0.055380290703120755
valid1097,-0.36591130031257851
valid1098,0.96828518441972911
valid1099,0.072774126136749467
valid1100,-0.78413276388525921
valid1101,-0.14862306685325435
valid1102,-0.023387145621074783
valid1103,0.084447053318107063
valid1104,-0.79280741692041479
valid1105,0.25745503442157802
valid1106,-0.70573999587093583
valid1107,-0.42655273591747755
valid1108,0.1279396249476083
valid1109,-0.68886904639782465
valid1110,-1.0748972032493183
valid1111,-0.25541488822617214
valid1112,-0.79823399784474203
valid1113,-0.15372815647296637
valid1114,-1.0433947427339811
valid1115,-0.045814143006738625
valid1116,0.44834081214783006
valid1117,-0.20843694921393688
valid1118,-0.026487754552676799
valid1119,0.88958702718689286
valid1120,-0.54647923137564136
valid1121,-0.54260797783855419
valid1122,0.1141088333823894
valid1123,-0.076187204178776849
valid1124,0.19262876753124447
valid1125,-0.16441204321019834
valid1126,-0.33165534748477687
valid1127,-0.45803979107287346
valid1128,0.19163461414816396
valid1129,-0.20546062443187924
valid1130,0.41201653662945437
valid1131,-0.14257276068076183
valid1132,0.58641044024165756
valid1133,0.080603268410883055
valid1134,-0.82536292529153343
valid1135,-0.94120121479904251
valid1136,-0.25377029406515395
valid1137,-0.27951907516265173
valid1138,0.93272817497123073
valid1139,0.13261175871514377
valid1140,-0.74068780958322533
valid1141,0.15873005593454467
valid1142,-0.011525222160112127
valid1143,-0.31121756129267214
valid1144,-0.88712435171247661
valid1145,-0.14216723046301336
valid1146,0.43842581565802868
valid1147,-0.53100075246044121
valid1148,0.081679550689536876
valid1149,0.80907702284317429
valid1150,0.20088840964447569
valid1151,0.078353776807019562
valid1152,-0.10547660435726992
valid1153,-0.46406587872950078
valid1154,-0.1184958782460674
valid1155,-0.021286042004357981
valid1156,-0.075252891526536206
valid1157,0.23282164180448786
valid1158,0.37993119721702828
valid1159,-0.022087509208642619
valid1160,0.41369908050246279
valid1161,0.18964228118861864
valid1162,0.022456022247335432
valid1163,-0.069012771800087191
valid1164,0.85929433235330588
valid1165,0.13429176459429093
valid1166,-0.015187776537718804
valid1167,1.0663390471062939
valid1168,1.0551477166406795
valid1169,-0.076341033201275624
valid1170,-0.63441714226632917
valid1171,0.06807124619285021
valid1172,0.76304239266932217
valid1173,0.0049162578928640425
valid1174,-0.1776193699763696
valid1175,0.26454573781735968
valid1176,-0.119701938648361
valid1177,0.22343432151151693
valid1178,-0.93566247206605191
valid1179,-0.14029503373029159
valid1180,-0.30872789934637035
valid1181,0.32740230701702266
valid1182,-0.95528505886540804
valid1183,0.1769862954145493
valid1184,-0.13528150743399714
valid1185,-0.13846613392626944
valid1186,0.19964609417465068
valid1187,0.0070072991336832206
valid1188,0.018140069767354095
valid1189,0.024115640881260371
valid1190,-0.12852941755078898
valid1191,-1.0058904635605956
valid1192,0.95208064683098548
valid1193,-0.37630377706295109
valid1194,0.97551606476828479
valid1195,1.0945639728174619
valid1196,0.35347968866809765
valid1197,0.19554774328576918
valid1198,0.086140541311670246
valid1199,-0.025001543070983453
valid1200,0.25393352817866233
valid1201,0.086021559785736737
valid1202,-0.50654575079735131
valid1203,-0.23955814662316954
valid1204,0.61604565462340977
valid1205,0.41281691882889887
valid1206,1.0471721251070087
valid1207,1.0249904764335163
valid1208,-0.96120598868003737
valid1209,0.053329639558227275
valid1210,0.065706495928878561
valid1211,0.29146063979619818
valid1212,-0.22603922550595945
valid1213,0.98762183870481779
valid1214,0.056450284782820111
valid1215,-0.017402121567965726
valid1216,0.024406883379318262
valid1217,0.7408103841589444
valid1218,-0.042516733534046655
valid1219,0.016035194323536294
valid1220,-0.052491251640668556
valid1221,0.95276732069630599
valid1222,-0.15418278481024336
valid1223,-0.018027987812967328
valid1224,0.97429667361335592
valid1225,-0.018562151165893631
valid1226,0.94891996594365424
valid1227,0.57267118224409796
valid1228,0.45341378487486922
valid1229,-0.96300310522138965
valid1230,-0.44424889745280888
valid1231,0.7915900947302883
valid1232,0.67100754456062883
valid1233,-0.3701450068219958
valid1234,-1.3381643289469172
valid1235,-0.17521481745157705
valid1236,0.78004845413580448
valid1237,0.01078611928585756
valid1238,0.38600068787366282
valid1239,0.033601160480729385
valid1240,-0.077729191965025812
valid1241,0.13893304703283563
valid1242,-0.29112372585894014
valid1243,0.089187929392105125
valid1244,-0.41837366521660158
valid1245,0.9123509641168337
valid1246,0.0039495380814265624
valid1247,-0.40523144858756799
valid1248,-0.09534273094668444
valid1249,-0.18329071085547133
valid1250,-0.49774696841973765
valid1251,-0.098982250101578725
valid1252,0.94077302458511158
valid1253,0.035137861541707477
valid1254,0.11567455022250812
valid1255,0.498743454037476
valid1256,0.1151070543856061
valid1257,0.24338604529366431
valid1258,-0.035566851074021015
valid1259,-0.089830460455765107
valid1260,-0.16183041389195663
valid1261,-0.38067188246197736
valid1262,-0.11928649210812126
valid1263,0.49322861775676635
valid1264,0.48240920544747817
valid1265,0.017129929230796641
valid1266,0.20009047625054516
valid1267,-0.39785313397421967
valid1268,0.13728516502502908
valid1269,-0.98218582812005018
valid1270,-1.124524770108295
valid1271,0.051899039027798605
valid1272,-0.29389558857114739
valid1273,-1.0712804925371791
valid1274,-0.4596577474639274
valid1275,0.10988494571370735
valid1276,0.067045942034072797
valid1277,0.034351577211937594
valid1278,0.020850276840972619
valid1279,0.13481059049366664
valid1280,-0.25511961137043859
valid1281,-0.2794447024074414
valid1282,0.03350472141229667
valid1283,0.54303743801096616
valid1284,0.1941370244911983
valid1285,0.55866340990991181
valid1286,-0.20417910994406407
valid1287,-0.50679513422887212
valid1288,0.0078105834979134564
valid1289,0.070750371808485396
valid1290,0.087646479725126819
valid1291,-0.05277431357463179
valid1292,0.76683361530001104
valid1293,1.0422728233469478
valid1294,-0.043604445225862765
valid1295,0.9911112438151547
valid1296,-0.32348779798221622
valid1297,0.69998806773075017
valid1298,0.099861090496086408
valid1299,0.039933274215882199
valid1300,0.24240037941614564
valid1301,-0.3452648362208619
valid1302,0.096779478097904326
valid1303,0.078007709981346679
valid1304,-0.10830512073659788
valid1305,-0.35371592259966855
valid1306,0.16102087617399682
valid1307,-0.0073303475523856156
valid1308,0.36175283120242868
valid1309,-0.95190580533326585
valid1310,-0.63600025074387401
valid1311,0.025876342595317077
valid1312,0.0054827380519999773
valid1313,0.74561734101760269
valid1314,0.38326861165207565
valid1315,0.06594242453817277
valid1316,0.17410318696205024
valid1317,0.75424179744921593
valid1318,0.30822605720260232
valid1319,-0.12310123746945356
valid1320,-0.3474350016924127
valid1321,-1.0857599157334539
valid1322,0.73521213164552501
valid1323,0.17957481503711406
valid1324,0.19368700262093536
valid1325,-0.11500976244013765
valid1326,0.75916617794799901
valid1327,-0.11814176984841117
valid1328,0.17378186354123509
valid1329,-0.18737286694536801
valid1330,-0.52025600499100821
valid1331,-0.95762003862636513
valid1332,0.80729601066561574
valid1333,0.40357387171765668
valid1334,-0.0048010553662521218
valid1335,0.31100800777194426
valid1336,0.23919205433884141
valid1337,0.97853916517596951
valid1338,0.16372712172883069
valid1339,-0.0040198195242841829
valid1340,0.12968442321754672
valid1341,-1.0355857562631896
valid1342,-1.1827171076097331
valid1343,0.0037956802093317699
valid1344,-0.0026608642392045474
valid1345,0.42686850878212318
valid1346,0.0052575989074331144
valid1347,0.056452641620301336
valid1348,-0.13760366168288438
valid1349,0.028706234597560221
valid1350,0.41213735692332309
valid1351,-0.13012588827841712
valid1352,0.0076829236082374365
valid1353,0.39467754010004197
valid1354,0.047431745420851053
valid1355,0.61908818290053669
valid1356,-0.62625660275693829
valid1357,-0.88782418921625161
valid1358,0.93140753057305292
valid1359,-0.033280189184902526
valid1360,0.14587095652976456
valid1361,-0.073673246974931092
valid1362,0.20810284163622167
valid1363,-0.1532174933057498
valid1364,0.4593618292413289
valid1365,-0.80457931823489992
valid1366,0.17638964282996702
valid1367,-0.11380877537783786
valid1368,0.027688227696930318
valid1369,0.17342323516135433
valid1370,-0.47460313547444438
valid1371,0.80482648679916269
valid1372,0.017606523794940366
valid1373,-0.3665016219629969
valid1374,0.39243109659671616
valid1375,0.018248075361445557
valid1376,-0.33780802995433534
valid1377,0.023386502403409587
valid1378,0.015255829341326639
valid1379,0.86083769518923769
valid1380,-0.044558680150106562
valid1381,-0.24712873292431778
valid1382,0.075814292926209795
valid1383,0.31804572987398549
valid1384,0.35385971605335748
valid1385,0.37476766083285001
valid1386,-0.090706196371545311
valid1387,0.50797400289489192
valid1388,0.040990053428363857
valid1389,0.58223056796165562
valid1390,0.02218311126607948
valid1391,1.0243300447196051
valid1392,-0.033715546091642727
valid1393,-0.11417932676346074
valid1394,-0.13011926593964446
valid1395,0.47756320425520393
valid1396,0.059808394324466996
valid1397,-0.11153704427294178
valid1398,0.84719631781897065
valid1399,-0.090387626709529684
valid1400,0.3405622690518767
valid1401,-0.0071729527145626363
valid1402,0.85209000086829145
valid1403,-0.027937472404890019
valid1404,0.081413134427673506
valid1405,-0.35341309053180148
valid1406,-0.28432985888539353
valid1407,-0.069169379754369612
valid1408,0.50500646158996332
valid1409,0.16226705948660322
valid1410,0.25847512693258856
valid1411,0.11353075184998014
valid1412,0.45898846623288941
valid1413,0.17920034756627118
valid1414,-0.63723355083550626
valid1415,-0.025262479279260255
valid1416,0.79679187951090991
valid1417,-0.25949298115479225
valid1418,0.15142669326525496
valid1419,-0.048180765786335282
valid1420,1.1183370640663688
valid1421,-0.061180417164989571
valid1422,-0.19131961250677301
valid1423,-0.047246776212610642
valid1424,-0.37899749359682189
valid1425,0.47289533845165332
valid1426,-0.16890900369518663
valid1427,0.13787109785242738
valid1428,1.0561066297268091
valid1429,-0.8347853288484719
valid1430,-0.13700912908680046
valid1431,-0.087763792767435345
valid1432,-0.15542450805655089
valid1433,-0.041892550326535848
valid1434,0.63848199802027117
valid1435,0.058889139648220318
valid1436,-0.96832443278239122
valid1437,0.13284139118475363
valid1438,-0.060813145286789175
valid1439,-0.077883616915496556
valid1440,-0.16455859711408255
valid1441,-1.2156555290188251
valid1442,0.88456310469589228
valid1443,1.0375402923415864
valid1444,-0.64259741160598305
valid1445,0.20740193584338035
valid1446,0.32545323888081373
valid1447,-0.26475267099170224
valid1448,-0.034556994718892113
valid1449,0.54347618800416464
valid1450,-0.26740495869086311
valid1451,0.10364340944559061
valid1452,0.9158780696688531
valid1453,0.03800685485657896
valid1454,0.28411263750937993
valid1455,-0.015732189100870587
valid1456,-0.0052360132275332417
valid1457,-0.1738196190970237
valid1458,1.3510695398919836
valid1459,0.46826203545692779
valid1460,-0.004233613868335739
valid1461,-0.090384093631072526
valid1462,0.35232429813238858
valid1463,-0.16403896149791139
valid1464,-0.34197448611698883
valid1465,-0.47122078541965118
valid1466,-1.2593550636133133
valid1467,-0.29165379541245584
valid1468,-0.065721351529652944
valid1469,0.59245171364968796
valid1470,0.45222652850432726
valid1471,0.25773174832132761
valid1472,0.99145050159586978
valid1473,-0.66696872407538565
valid1474,-0.49723156511126282
valid1475,0.08587049039122803
valid1476,-0.12476560828993209
valid1477,-0.20412224560259901
valid1478,-0.01834522115109502
valid1479,0.060035441278992727
valid1480,-0.018591466268308786
valid1481,-0.64375394750934845
valid1482,0.17496797015409588
valid1483,0.0052351439897631103
valid1484,0.1954623487602275
valid1485,-0.89971889939259819
valid1486,0.032196204366120189
valid1487,-0.02602116628785078
valid1488,1.1268887924387541
valid1489,0.72222453851231039
valid1490,0.1272871148552415
valid1491,-0.35056123311276893
valid1492,-0.025068925601035987
valid1493,-0.12313272344584021
valid1494,0.0034911160326818406
valid1495,-0.16037713101193896
valid1496,-0.14198018742791813
valid1497,0.066213509354136529
valid1498,-0.043267707947814607
valid1499,0.085999312050603641
valid1500,0.14588626074214484
valid1501,0.021489712217560832
valid1502,-1.0518320014459905
valid1503,0.07051599828718795
valid1504,0.079411280334046458
valid1505,-0.11050519758754922
valid1506,-0.073209721278581094
valid1507,0.15176477204895691
valid1508,-0.2980728398889172
valid1509,-0.087347076556265973
valid1510,0.028000158368247263
valid1511,0.90811428937115157
valid1512,-0.057720251434649608
valid1513,0.066480120352507555
valid1514,0.052054940953536147
valid1515,0.18846029370558695
valid1516,-0.55424359504443155
valid1517,0.027378154647421698
valid1518,0.029137619332085744
valid1519,0.41020811355822467
valid1520,0.64559168466296946
valid1521,-0.20290921906264553
valid1522,0.023441812522468377
valid1523,-0.13025252830020606
valid1524,0.090231637493424666
valid1525,-0.092698873816028246
valid1526,0.8966137129450239
valid1527,0.096640838697890571
valid1528,0.058162089638431926
valid1529,-0.11620954488868206
valid1530,0.19448162829564197
valid1531,0.95245412858625778
valid1532,1.0922640292831851
valid1533,-0.25977751541539235
valid1534,0.19848976385888417
valid1535,0.15911713482153408
valid1536,0.36371229533612048
valid1537,-0.0069280138768059571
valid1538,-0.69196058041330355
valid1539,-0.010931449596225332
valid1540,-0.24791393184688157
valid1541,0.16094784933653741
valid1542,-0.26685481379524983
valid1543,-0.99202118389638139
valid1544,0.13041860303630265
valid1545,-0.49592685803985287
valid1546,-1.0311754433551483
valid1547,-0.15608153797550642
valid1548,0.37117323762937743
valid1549,-0.0088728637408494581
valid1550,0.50971535531476697
valid1551,-0.31140946535010555
valid1552,-0.2722925903207894
valid1553,-0.071252623480313096
valid1554,0.99335241663743479
valid1555,-0.33240286337072911
valid1556,-0.10958642828081958
valid1557,0.11473103302442791
valid1558,-0.1579585995565182
valid1559,-0.067453490482521347
valid1560,0.0099935726182631864
valid1561,-0.036140479141381361
valid1562,-0.61288597730648831
valid1563,1.0704235306409846
valid1564,-0.79214510342050004
valid1565,0.13242320488929551
valid1566,0.02192480857450068
valid1567,-0.053462101061812435
valid1568,-0.3686650766893888
valid1569,-0.40930320577628831
valid1570,-0.38568322278968797
valid1571,0.12431340272283972
valid1572,0.20842269827823312
valid1573,1.0394806754191446
valid1574,-0.27654747464216861
valid1575,0.56775189738437781
valid1576,-0.08486898207926491
valid1577,0.023230531162719528
valid1578,0.19803556562863042
valid1579,0.0056536150939808403
valid1580,-0.19831963044133138
valid1581,-0.1710015966296298
valid1582,-0.0280884931105135
valid1583,-0.49896195238235802
valid1584,-0.44512137291639969
valid1585,0.26384019126742625
valid1586,0.18540863767549301
valid1587,0.5570015631332178
valid1588,0.9583288001705399
valid1589,0.7329467518089996
valid1590,1.0557999067790411
valid1591,0.42527497002905196
valid1592,0.058514413043751878
valid1593,-0.027186337205780186
valid1594,0.1754292979224667
valid1595,-0.13032544399695672
valid1596,-1.0090392889614732
valid1597,0.31519249110186409
valid1598,-0.97555654722620933
valid1599,0.030634501682087194
valid1600,-0.10064704929057275
valid1601,0.14756389750819862
valid1602,0.27586595146922477
valid1603,-0.20628935577033569
valid1604,0.061311867587630312
valid1605,-0.25128083077105096
valid1606,-0.31111867393507575
valid1607,-0.067786810921006496
valid1608,-0.020502887919318553
valid1609,-0.46311707100220562
valid1610,-0.25980379157948175
valid1611,0.13978842999174973
valid1612,1.1588117038206636
valid1613,0.89243322457010432
valid1614,0.57789152456708226
valid1615,0.12854620933791835
valid1616,0.9181751801504322
valid1617,0.10014438925057322
valid1618,0.66619038868013425
valid1619,0.1341670318101035
valid1620,-0.29003183088865492
valid1621,-0.0045535913669578531
valid1622,0.23658765425159201
valid1623,-0.9567016671422891
valid1624,0.21597847930660813
valid1625,-0.068164306970019434
valid1626,-0.084912118213665566
valid1627,0.72502638258885233
valid1628,0.22651403215779783
valid1629,0.016697596268330502
valid1630,0.85777876683581711
valid1631,-0.18001070329649951
valid1632,0.51345927257520363
valid1633,-0.071213580834594989
valid1634,-0.29186825937169802
valid1635,-0.23216903889481835
valid1636,0.24755690406934458
valid1637,0.66435803744008348
valid1638,0.038972405686056186
valid1639,0.14346195697878081
valid1640,-0.32859581341655614
valid1641,-0.083443204143591812
valid1642,-0.13153540840030695
valid1643,0.2667205837414518
valid1644,-0.1695338360069634
valid1645,0.3392303137697959
valid1646,-0.29445101075754693
valid1647,-0.41346466505980972
valid1648,-0.10522020168416273
valid1649,0.90890089929530071
valid1650,0.48057488667649201
valid1651,-1.2627012799414268
valid1652,0.16015773933482946
valid1653,-0.15907713998958137
valid1654,0.4538673267669609
valid1655,0.86036483322251966
valid1656,-0.03625469270148015
valid1657,-0.065443183740185124
valid1658,-0.30280149076491714
valid1659,-1.0463693783559196
valid1660,0.22926016877916991
valid1661,-0.25958484131746784
valid1662,0.3796316456138335
valid1663,0.13924188039082333
valid1664,0.90450855569902955
valid1665,-0.0013176760442088226
valid1666,-0.23969439206909385
valid1667,0.14874615596545743
valid1668,0.60557186957644871
valid1669,-0.0037808047990761755
valid1670,-1.5555764996958812
valid1671,-0.23293522064059094
valid1672,0.34094482284558819
valid1673,0.32148726844227205
valid1674,-1.0667846088975996
valid1675,-0.53526284975002802
valid1676,0.04687158811147122
valid1677,0.97906111416429653
valid1678,-0.37094905122611693
valid1679,0.022949823002153983
valid1680,-0.027657265660537687
valid1681,0.029773768889589533
valid1682,1.1423319809151355
valid1683,0.67532833234923684
valid1684,-0.017392365305529643
valid1685,-0.086879050181693687
valid1686,-0.55895590619661395
valid1687,0.0098146913419960673
valid1688,0.74701344990991492
valid1689,-0.74587570482742682
valid1690,-0.65336413843835384
valid1691,0.056951297048342342
valid1692,0.76860582186290505
valid1693,-0.5126502901315062
valid1694,0.01597166606633749
valid1695,0.012615328587283562
valid1696,0.18363961174311491
valid1697,-0.6732322291018038
valid1698,0.052070758036773392
valid1699,0.94494697783652748
valid1700,0.26467200251081235
valid1701,-0.39714863754508056
valid1702,0.047305925808894742
valid1703,-0.070820873801705958
valid1704,0.083581605743324891
valid1705,0.013495018372922871
valid1706,-1.0329198809605495
valid1707,-0.7267959220880098
valid1708,-0.075319812478004178
valid1709,0.2076655602610202
valid1710,-1.0160940970211356
valid1711,0.20983721943189926
valid1712,0.38511189499909204
valid1713,-0.33272538688600761
valid1714,-0.72659534793566916
valid1715,0.22138427213011522
valid1716,-0.84608096725350157
valid1717,0.52077738309795596
valid1718,0.1399842959715267
valid1719,0.061110223426497912
valid1720,1.0487868272723786
valid1721,-0.12423951732842774
valid1722,-0.043739917927002922
valid1723,0.55769364985539627
valid1724,0.18514393451633301
valid1725,0.15056571712627445
valid1726,-0.092946025936803317
valid1727,-0.25848785575751149
valid1728,-0.17173838484826284
valid1729,0.059805714703502447
valid1730,-0.97008036271845799
valid1731,-0.40165195604333725
valid1732,-0.51558793159159921
valid1733,1.0352713716182693
valid1734,0.96793364656057701
valid1735,-0.070480389270018207
valid1736,1.0328728059332273
valid1737,-0.14522643099434443
valid1738,-0.018013769895535697
valid1739,0.17483629778805193
valid1740,0.17253763280117665
valid1741,1.1316218050593059
valid1742,0.95221983106444952
valid1743,-0.16901169191767768
valid1744,1.0453136075074985
valid1745,-0.20176269203751293
valid1746,0.47070426632677648
valid1747,0.75327564208288511
valid1748,0.096310223595313785
valid1749,-0.70045870596803805
valid1750,0.29494065821356552
valid1751,0.59326690250632197
valid1752,0.0500680964664579
valid1753,1.0973472417816481
valid1754,0.26902089554818803
valid1755,-0.36762467155735573
valid1756,-0.077323471044291756
valid1757,0.9084838574032611
valid1758,0.92049368030753298
valid1759,0.099089542019648175
valid1760,-0.002662154913634101
valid1761,-0.36049839259035066
valid1762,-0.22226190991003364
valid1763,0.39617622236447136
valid1764,-0.063492265122873218
valid1765,0.10608051316831528
valid1766,-0.71780115263734023
valid1767,-0.05935521492810672
valid1768,0.9008413430002552
valid1769,-0.82122874692171188
valid1770,-1.0401661055695788
valid1771,0.081267727816118795
valid1772,0.57989391920688405
valid1773,-0.032523816280117503
valid1774,-0.14963754336012516
valid1775,0.40574227224932319
valid1776,0.23524729223713778
valid1777,0.014275567580146536
valid1778,0.088628981869811385
valid1779,-0.99120388567220552
valid1780,-1.0139335791046964
valid1781,-0.038370091061613924
valid1782,0.036042016444552391
valid1783,-0.26960058897349448
valid1784,1.1022493885189022
valid1785,0.49344204184191814
valid1786,-0.24950012066426899
valid1787,-0.66763732400805753
valid1788,0.027214000861100502
valid1789,0.3180661911596101
valid1790,-0.22487343193969808
valid1791,0.87254959538866605
valid1792,0.49620134944981004
valid1793,0.014780967502448238
valid1794,-0.42096089199922149
valid1795,0.16897096536949144
valid1796,0.019109376358214681
valid1797,0.0072830205412098784
valid1798,-0.22483257866020745
valid1799,0.12466540342962924
valid1800,-0.52836583144452676
valid1801,0.24726404383755241
valid1802,-0.3150091094196027
valid1803,-0.1040353456530461
valid1804,-0.026029268605573849
valid1805,-0.50100922301600159
valid1806,-0.049554044086035538
valid1807,0.37909063083561384
valid1808,0.034702890846158477
valid1809,-0.0389397043135579
valid1810,-0.12128234764560203
valid1811,0.1198028376712269
valid1812,0.46940601623179068
valid1813,-0.035826026136736341
valid1814,0.76543077666335069
valid1815,-0.19372482350292428
valid1816,-0.2075154714746216
valid1817,-0.0038539389040145576
valid1818,-0.20013246599826101
valid1819,0.21662614000708361
valid1820,-1.0534639118250326
valid1821,-0.011270173097001634
valid1822,0.47585424290502581
valid1823,-0.43531694089852374
valid1824,-0.53831994228960156
valid1825,0.058127765497543081
valid1826,0.5822122350033021
valid1827,-0.71014241410415635
valid1828,-0.082017407970199366
valid1829,0.997535567271019
valid1830,-0.6437321158359004
valid1831,0.067323568792977947
valid1832,-0.66259828209669969
valid1833,-0.057129711660188674
valid1834,-0.58476807143526377
valid1835,0.23874861636358999
valid1836,-0.10007077062444969
valid1837,-0.038656585507745068
valid1838,0.067302823933957451
valid1839,-0.022893161836289654
valid1840,0.48412444295850487
valid1841,-0.9667101862484081
valid1842,-0.036349915436608468
valid1843,-1.0137083249280905
valid1844,0.76903546604748618
valid1845,0.71113088068878949
valid1846,-0.21720857927473622
valid1847,0.23313032158598632
valid1848,0.91423021646750691
valid1849,0.10968175981420861
valid1850,0.41702199663563594
valid1851,-0.16535710962298289
valid1852,0.0020531750310261634
valid1853,-0.081030154387361969
valid1854,0.057587277444620742
valid1855,0.34701852099806479
valid1856,-0.080368692797320104
valid1857,0.7515656687930603
valid1858,0.26613529878491382
valid1859,-0.44518905521946611
valid1860,0.017458048273092566
valid1861,-0.060933390531577564
valid1862,-0.24564772414765504
valid1863,-0.15300111371421729
valid1864,0.11703969177359669
valid1865,-0.0033865464003795358
valid1866,-0.053677423253348962
valid1867,0.086406663295870975
valid1868,0.44215205368788135
valid1869,-0.25418289199507332
valid1870,-0.98675422583319672
valid1871,0.072573425274640821
valid1872,-1.1255736581682854
valid1873,-1.1971468459582417
valid1874,0.29506546978886211
valid1875,-0.06620236335473291
valid1876,0.53214957969972276
valid1877,0.012965476172761618
valid1878,0.084213799721614135
valid1879,0.28670680986725616
valid1880,0.074333571483085725
valid1881,-0.19866820558479104
valid1882,0.62363866988296979
valid1883,-0.26217845913858739
valid1884,0.86245915456326283
valid1885,0.40735137142682398
valid1886,-0.072304484609884104
valid1887,0.1422495657359954
valid1888,-0.27636965022019705
valid1889,0.2209940434127543
valid1890,0.57302194927459371
valid1891,-0.16012866746691676
valid1892,0.018510615444751358
valid1893,-0.015062347355474862
valid1894,-0.98532897316640833
valid1895,-1.0645035470590003
valid1896,0.075623969966241586
valid1897,-0.34228348118221957
valid1898,-0.13228884991263357
valid1899,-0.3411297363011993
valid1900,0.98743514637427199
valid1901,-0.23289141654499032
valid1902,0.41574070603281144
valid1903,-0.031516065926856573
valid1904,0.20807755832787767
valid1905,-0.54679646490205847
valid1906,0.11655537822652966
valid1907,-0.88827672312114725
valid1908,0.006627542571949252
valid1909,1.1130064445636407
valid1910,-0.8093927960032451
valid1911,1.091847358620017
valid1912,-0.13432481760780057
valid1913,-1.1956404133379677
valid1914,-0.95830241342696043
valid1915,-0.151002502199682
valid1916,-0.33962451596432314
valid1917,-1.1150372926437373
valid1918,0.17775941381500968
valid1919,0.24957887641999657
valid1920,-0.088899261319781361
valid1921,1.1422712227377247
valid1922,0.02626200999507939
valid1923,-0.047366574913322933
valid1924,0.44365109513565221
valid1925,-0.17836585104854238
valid1926,0.45078151314923781
valid1927,-0.76102428753468576
valid1928,-0.11546536813964935
valid1929,0.91999086092654092
valid1930,-0.089075283407033523
valid1931,-0.027617999353646491
valid1932,-0.021174572917810247
valid1933,0.83538230520101209
valid1934,0.062590619817463625
valid1935,-1.0951789783674597
valid1936,0.07277258680799488
valid1937,0.036704500126775813
valid1938,0.89920525438929721
valid1939,0.14230359564776557
valid1940,0.26189609711089318
valid1941,-1.0198139835320574
valid1942,-0.042955238542202907
valid1943,0.1819653157718181
valid1944,0.65558785955974919
valid1945,0.00041274448454152327
valid1946,0.26263967285588452
valid1947,0.44771175560548848
valid1948,0.30940835394329486
valid1949,0.18589077131652468
valid1950,-0.031355739748454105
valid1951,0.98628467592834135
valid1952,-0.68040932728309444
valid1953,0.74242741636553233
valid1954,0.59922751188593004
valid1955,0.23389844903312765
valid1956,0.82468167323005082
valid1957,0.37215174714092136
valid1958,0.047596892810217069
valid1959,-0.09865512681656402
valid1960,0.12801565900291342
valid1961,-0.038999002205826895
valid1962,0.035966276831126014
valid1963,0.51280560018059151
valid1964,0.0046030096148650668
valid1965,0.24451563491088926
valid1966,-0.018500665821521337
valid1967,-0.15455080900104098
valid1968,-0.035555173027545156
valid1969,0.83272502686012928
valid1970,-0.25659192315392826
valid1971,-0.19580584319267941
valid1972,-0.015106376590200541
valid1973,0.00566421588048268
valid1974,0.31186060058619841
valid1975,0.090885574292068491
valid1976,-0.15224895736961841
valid1977,0.091753196867854311
valid1978,0.4523930926437143
valid1979,0.07896561536367494
valid1980,0.8802479146723452
valid1981,0.13572813129895975
valid1982,-0.86819166844689133
valid1983,-0.33816177933042718
valid1984,-0.48317318308559576
valid1985,0.0052285058065102393
valid1986,-0.22051857590114401
valid1987,-0.020331209060824917
valid1988,-0.066611011538795339
valid1989,0.50474241256415209
valid1990,-0.3871594214916913
valid1991,-0.22396691816329289
valid1992,0.041664605700866865
valid1993,0.018206495355610457
valid1994,-0.079733124502038705
valid1995,0.14398344570650315
valid1996,0.14753100643351577
valid1997,-0.16993618356179593
valid1998,0.44992559924258291
valid1999,0.081924130408594587
valid2000,-0.31102539765017256
valid2001,0.17397409310235268
valid2002,-0.48326863347843291
valid2003,-0.24724305538771182
valid2004,0.04176671110216254
valid2005,0.19505219931808954
valid2006,-0.10666906644827451
valid2007,0.035816925627833993
valid2008,0.059106370919201318
valid2009,0.34594333991023574
valid2010,-0.12862111175148899
valid2011,-0.96586909191722958
valid2012,-0.30226915600309645
valid2013,-0.76317683283663473
valid2014,0.81522879382185442
valid2015,0.63171388819197694
valid2016,0.036429355558283361
valid2017,-0.1559913088133314
valid2018,0.19384102321669394
valid2019,0.060982787800673635
valid2020,-1.1935018719911235
valid2021,0.8402396875812399
valid2022,-0.12000958530913322
valid2023,-0.53501216876591917
valid2024,0.14215073257626865
valid2025,-0.72996075883144307
valid2026,-1.0519321752513091
valid2027,-0.70632010856502614
valid2028,-0.057172431921289305
valid2029,0.40902830228685205
valid2030,-1.1415329757785311
valid2031,0.28423862090953983
valid2032,-0.19996554332751579
valid2033,-0.35436395234529366
valid2034,0.080056162067910427
valid2035,-0.91657621583825732
valid2036,0.047069179155828512
valid2037,-0.032412004061938914
valid2038,0.061345017862391271
valid2039,0.0017265911742348418
valid2040,0.84196746126095012
valid2041,-0.11641518367171722
valid2042,0.085011164059663649
valid2043,-0.25257622444347022
valid2044,0.065625729830594393
valid2045,0.12413097041002262
valid2046,1.0405326676934441
valid2047,0.14343275092606803
valid2048,0.13028243723133634
valid2049,-0.13041721447865479
valid2050,0.72213821793179334
valid2051,0.15523948322095638
valid2052,0.89078283606572151
valid2053,-0.10874394570643449
valid2054,0.19243208775511766
valid2055,-1.2551342854023155
valid2056,-0.052542315868584502
valid2057,1.0064107565669487
valid2058,0.91130628274246805
valid2059,-0.45856189159694161
valid2060,0.85545369263938653
valid2061,0.12783204213323543
valid2062,-0.81230031344081399
valid2063,0.04186387430943838
valid2064,0.13384772961921779
valid2065,-0.16381489472863103
valid2066,0.48536765117711772
valid2067,-0.53150158639256773
valid2068,-0.44388424135990739
valid2069,-0.31366743099000999
valid2070,-0.1204696334345452
valid2071,1.0224209866638001
valid2072,-0.028280601665516911
valid2073,0.060949302383112081
valid2074,0.66723163444900291
valid2075,-0.77024685031350448
valid2076,0.99227107854306107
valid2077,0.80314521450320397
valid2078,-0.10742364245543363
valid2079,-0.36152699523390253
valid2080,0.84518041019055301
valid2081,1.0834941420254243
valid2082,0.11831809538245523
valid2083,0.040303231090305473
valid2084,-0.35070256699632907
valid2085,0.073074293383888198
valid2086,0.21645817341126808
valid2087,-0.25874022577024036
valid2088,-0.10871101579839368
valid2089,-0.85761372835971139
valid2090,0.15103764603817182
valid2091,0.58488919112896387
valid2092,-0.14721560857799354
valid2093,0.017928513768033481
valid2094,0.28795768695364826
valid2095,-0.81385334649021668
valid2096,0.11709791202102729
valid2097,0.024030434094307808
valid2098,0.71761216680709872
valid2099,-0.36975703760324991
valid2100,-0.034215445878388297
valid2101,0.073997253764900656
valid2102,-1.0474781321892142
valid2103,0.10313769463333802
valid2104,0.026186632106111957
valid2105,-0.7976362026033369
valid2106,0.13680944603709416
valid2107,-0.19506022541091891
valid2108,0.045742900017921487
valid2109,0.55667681544816561
valid2110,-0.072118126943582647
valid2111,0.22321408153860842
valid2112,0.62281669128781014
valid2113,-0.15494466957388406
valid2114,0.44871926275115681
valid2115,0.35377706549648702
valid2116,0.16136194581556113
valid2117,0.82190185316089992
valid2118,1.1355353720944099
valid2119,-0.15720186315734694
valid2120,0.097146141868475616
valid2121,0.53457952619887361
valid2122,0.39743685624198738
valid2123,-0.65344470771016439
valid2124,1.371379057602957
valid2125,-0.33284568643551121
valid2126,-0.40416338784094213
valid2127,-0.57396385642863257
valid2128,-0.078602146893060387
valid2129,-0.016142669362163985
valid2130,1.075839085774265
valid2131,-0.20557057396693948
valid2132,-0.044503982389857692
valid2133,0.040321817135330583
valid2134,-0.27734097623291953
valid2135,-0.28261880039598913
valid2136,-0.092761236758997223
valid2137,-0.55475982833176041
valid2138,-1.0217283034436873
valid2139,-0.69583672388765472
valid2140,0.081356847425385528
valid2141,0.075774199924372107
valid2142,0.24711192921153288
valid2143,1.2635804644450126
valid2144,-0.63660371188535025
valid2145,1.2032498182613904
valid2146,0.6814146011568748
valid2147,0.87492451627681311
valid2148,-0.13250362353116341
valid2149,0.2279632318107897
valid2150,-0.19021049522410291
valid2151,0.20007533146060399
valid2152,0.99079455162654839
valid2153,-0.39465730009292666
valid2154,0.33804892837051403
valid2155,0.10597015158333384
valid2156,-0.4122505895382732
valid2157,-0.31784709663318539
valid2158,0.046887198298869101
valid2159,0.0079466508056897957
valid2160,0.67914452694897498
valid2161,0.083272477952007984
valid2162,-0.38252019496547796
valid2163,-0.90033756463334769
valid2164,-0.87455080626145643
valid2165,-0.18139575079287087
valid2166,0.094191601075592338
valid2167,-0.37513445688532249
valid2168,0.026556848674876843
valid2169,-0.73770691610528027
valid2170,-0.11688796577144518
valid2171,-0.035010335813150627
valid2172,-0.025542032022192077
valid2173,-0.52826955012928389
valid2174,-0.47819311901376743
valid2175,0.33325968091538533
valid2176,0.037760483992074802
valid2177,0.0062746537972078109
valid2178,-0.056950766979616617
valid2179,0.38340440219141919
valid2180,0.15574614781437029
valid2181,0.62830606959389101
valid2182,0.67656153314891287
valid2183,0.5528057376665515
valid2184,-0.14619761760483996
valid2185,-0.51278988850231744
valid2186,-0.07950756183900369
valid2187,0.022331680836657587
valid2188,0.022966128189763953
valid2189,1.0213430869319116
valid2190,0.20954722881797633
valid2191,-0.02614193651733486
valid2192,0.062636514684969558
valid2193,-0.94455819888884429
valid2194,-0.12173465727628813
valid2195,1.2245593287257055
valid2196,-0.47072202145047909
valid2197,0.061796981170781591
valid2198,-0.11853444230164047
valid2199,0.054231624432670919
valid2200,-0.018353397835198498
valid2201,0.60918289877526821
valid2202,-1.0252733242736796
valid2203,0.024032008678620723
valid2204,0.69851434371139998
valid2205,-0.60281866602163514
valid2206,0.38867229633545919
valid2207,-0.037805180677822681
valid2208,-0.44917248826237183
valid2209,0.28882272268181086
valid2210,0.38966421078107066
valid2211,0.00055072615964395916
valid2212,-0.33134991756770205
valid2213,0.089861502378037875
valid2214,-0.78910104034123152
valid2215,1.108329403840385
valid2216,0.16727001401555724
valid2217,-0.32116573136107118
valid2218,-0.19134940050493246
valid2219,0.61659512741285571
valid2220,0.28047403169423557
valid2221,0.81836914202700584
valid2222,-0.094174993072579538
valid2223,-0.2993356871438036
valid2224,-0.46346735512688564
valid2225,0.05372711953119453
valid2226,0.47693440708541956
valid2227,-1.1256478358230935
valid2228,0.09416228484738752
valid2229,1.1313199889490981
valid2230,0.63208080539426981
valid2231,-0.13127141027818209
valid2232,-0.20559693017412109
valid2233,-0.28599953004964879
valid2234,1.2190920435703916
valid2235,0.34408071706492593
valid2236,1.0791795668770003
valid2237,0.11015282152129675
valid2238,0.29596621658725863
valid2239,0.0926596791278744
valid2240,-0.033852872297466322
valid2241,0.21925657125380754
valid2242,-0.09938038386390606
valid2243,-1.0537894731435722
valid2244,0.2291908032178645
valid2245,0.52972409706623669
valid2246,0.084313121025833784
valid2247,-1.0082423545444212
valid2248,-0.062174592629985995
valid2249,0.009214466147653453
valid2250,0.15556418152592408
valid2251,0.097318673507051215
valid2252,0.068303286931223769
valid2253,0.30697301723813303
valid2254,-0.89834988242578084
valid2255,-0.97058382935700016
valid2256,0.1537042134678811
valid2257,-0.60934261136843992
valid2258,-1.0076922994693576
valid2259,-0.5729600325066897
valid2260,-0.16368215764625899
valid2261,0.093712514690897461
valid2262,0.019036844717943379
valid2263,0.09118010653409632
valid2264,0.7584348871836778
valid2265,-0.15960391179675637
valid2266,0.015962563604858947
valid2267,0.59299257425187124
valid2268,0.043875072749084323
valid2269,1.4081843409032555
valid2270,0.046395910104067767
valid2271,-0.46163879187758916
valid2272,0.10087199916671188
valid2273,0.052270246073863796
valid2274,-1.3566558580927695
valid2275,0.9537304065807457
valid2276,0.097075822471983389
valid2277,-0.022663547772013463
valid2278,-0.92329884942754459
valid2279,-0.01779489927177889
valid2280,-0.90860896562589488
valid2281,-0.090972312522310639
valid2282,-0.028607943347421057
valid2283,-1.0077387779884628
valid2284,-0.19906690604453181
valid2285,0.015018539768484664
valid2286,0.59784994010155956
valid2287,0.69767243630586129
valid2288,0.092172777607443468
valid2289,-1.0354090200100714
valid2290,-1.0051520241337262
valid2291,1.0952526768787465
valid2292,0.066766964476782598
valid2293,-0.45082501018623305
valid2294,-0.65427681873257681
valid2295,0.30130022467818013
valid2296,-0.13097268036744511
valid2297,0.035804691251089232
valid2298,-0.043457191330494624
valid2299,6.7913341942879812e-05
valid2300,0.10494063681430274
valid2301,-0.09053397217586806
valid2302,0.36498434801638768
valid2303,-0.98960829979087284
valid2304,-1.4325879858903874
valid2305,1.0253912614410616
valid2306,-0.96231871607587083
valid2307,-0.22094806257640481
valid2308,0.83053105821103057
valid2309,0.67675665314985156
valid2310,0.0030847871025015301
valid2311,-0.30728251869126016
valid2312,0.1761850542801322
valid2313,-0.18126518479515721
valid2314,-0.34744131999697886
valid2315,0.26091598216423134
valid2316,-0.095540381996798873
valid2317,0.18535844828886797
valid2318,0.059991065955705747
valid2319,0.20264622560497103
valid2320,1.0658119202660192
valid2321,-0.21062457793089409
valid2322,-1.1653741355950782
valid2323,0.078569060003025937
valid2324,0.057483254080215533
valid2325,0.091467859502153623
valid2326,0.55861451646146698
valid2327,-0.017841940418102335
valid2328,-0.61859478412825342
valid2329,-0.28639290475458673
valid2330,-0.087914552871222504
valid2331,0.14586525232899081
valid2332,-0.005353786758913218
valid2333,0.28695129553167636
valid2334,0.053796060025638817
valid2335,-0.052240141437018384
valid2336,0.036474411331057499
valid2337,-0.38470739737243909
valid2338,0.23176031622686047
valid2339,-0.17245037658720444
valid2340,0.30980125346007048
valid2341,0.64159033292196033
valid2342,-0.10489410615887657
valid2343,1.0075005788943405
valid2344,-0.38951808355557593
valid2345,0.33389042647778167
valid2346,0.03503586205161046
valid2347,-0.54545866167193446
valid2348,-0.46241548252245768
valid2349,0.40728531344417168
valid2350,-0.059608533029740507
valid2351,0.12934778738411429
valid2352,0.95997447600769203
valid2353,0.49023459138954534
valid2354,-1.2503707440085257
valid2355,1.0491239934068759
valid2356,-0.90182363278333788
valid2357,1.0930261365867469
valid2358,-0.051730731265266013
valid2359,1.0295629021104598
valid2360,0.27673183251127487
valid2361,0.078632355724292058
valid2362,-0.0050858585370737166
valid2363,-0.19404001997949435
valid2364,0.82685961911159001
valid2365,-0.1150847453756003
valid2366,0.97825489414521005
valid2367,0.46260457512114506
valid2368,-0.035010804885836175
valid2369,-0.30246667045994441
valid2370,0.19696226964347474
valid2371,-0.6144644944357216
valid2372,-0.049741558659672724
valid2373,0.2213466424023291
valid2374,-0.84922478804700074
valid2375,-0.34193819949767001
valid2376,0.051742382169189589
valid2377,0.95063917898976524
valid2378,0.38696907042039885
valid2379,0.49679554286301564
valid2380,-0.16453143630020439
valid2381,0.027179269912882734
valid2382,-0.041381116257157319
valid2383,0.25097860665436056
valid2384,0.43211397886822173
valid2385,-0.52250731122547045
valid2386,-1.2066687391055877
valid2387,1.0747765993887175
valid2388,0.077731231990610619
valid2389,1.1306458478674362
valid2390,0.020703816669607696
valid2391,0.20814498431868902
valid2392,-0.20622771851699601
valid2393,0.020084908692829983
valid2394,0.89544218847288404
valid2395,-0.023005721120799742
valid2396,-0.74965572606548758
valid2397,-1.1664375107967588
valid2398,0.31481736966342277
valid2399,0.35932466176916633
valid2400,-0.015154133876861353
valid2401,1.1541033572503896
valid2402,-0.23724460545632464
valid2403,-0.039558272023873964
valid2404,-0.056767244167504838
valid2405,0.04708526439003808
valid2406,-0.39857141294843174
valid2407,0.074964109481476152
valid2408,0.20257514181637501
valid2409,-0.018072198628456774
valid2410,-0.14024052394450848
valid2411,-0.74607767975259054
valid2412,0.014617250277809317
valid2413,0.098318016527032051
valid2414,0.14561016168969246
valid2415,-0.13901102211684788
valid2416,-0.05246211901387788
valid2417,-0.17869199597752183
valid2418,0.036629490209757073
valid2419,-1.0364815263780627
valid2420,0.9024243596476984
valid2421,0.46430540546197963
valid2422,-1.2376157159582373
valid2423,-0.6083161137394949
valid2424,-0.35491687483947854
valid2425,-0.041466363302648274
valid2426,-0.43517222922897392
valid2427,-0.36774942787709003
valid2428,0.19886145218465923
valid2429,-1.1417472094940524
valid2430,0.58765297329085531
valid2431,-0.30284099370835549
valid2432,0.54675131794570941
valid2433,0.01321959598477539
valid2434,-0.59989760384267832
valid2435,0.11824353101289529
valid2436,0.86761839957250331
valid2437,-0.92052176674622044
valid2438,0.09062219433232882
valid2439,-0.14187346085066174
valid2440,0.17160855360852434
valid2441,0.08423754177434048
valid2442,-0.69198908607450804
valid2443,0.024320439837642566
valid2444,-0.91815057092730334
valid2445,0.023714312237495285
valid2446,-0.12340042438030709
valid2447,0.032419713536408629
valid2448,0.036844701763156185
valid2449,0.131042588301264
valid2450,-0.077983342862569721
valid2451,0.23274462892911527
valid2452,0.86202449753596622
valid2453,-0.36391449127470504
valid2454,-1.0251992538552219
valid2455,0.04307459239820359
valid2456,0.2705580983800886
valid2457,-0.090199324048072183
valid2458,0.91858020583109379
valid2459,-0.15534573768991261
valid2460,-0.17079869685638535
valid2461,-0.047038420519147195
valid2462,0.14765386605577216
valid2463,0.00049781001329419041
valid2464,-1.2135773660031761
valid2465,0.15006806377400525
valid2466,0.17315939788324783
valid2467,0.11136072351622393
valid2468,0.02316482666677511
valid2469,0.27066803653029903
valid2470,-0.76155868826265527
valid2471,1.1387903468432183
valid2472,-0.081147991683007792
valid2473,0.061129591721952738
valid2474,-0.072698123258085195
valid2475,0.59369965192931939
valid2476,0.33584019019181732
valid2477,0.015026282961133208
valid2478,-0.14167471654955907
valid2479,0.040855939135153396
valid2480,-0.11232740739598081
valid2481,0.010529733366918067
valid2482,-0.062076047789749525
valid2483,0.071669131306679013
valid2484,-0.14856076861749146
valid2485,-0.84581421023372416
valid2486,0.16754582147483074
valid2487,0.10344906730114344
valid2488,0.20611652523734655
valid2489,1.0167838850327136
valid2490,0.89943796019939837
valid2491,-0.21566477942769696
valid2492,0.39634604927573458
valid2493,-0.2820105954407699
valid2494,-0.38898145671890627
valid2495,0.28894640856161569
valid2496,-1.0325465246637511
valid2497,0.01908738060750759
valid2498,-0.09922828007290134
valid2499,0.11781888545679445
valid2500,0.34131058695428601
valid2501,0.36829021802900191
valid2502,-0.43819069261977855
valid2503,0.59827909761977915
valid2504,0.081667256655408901
valid2505,1.1441256665782742
valid2506,-0.16193838202646887
valid2507,-0.15116091867710496
valid2508,0.068435372814399945
valid2509,1.0009139224923311
valid2510,-0.085244028897021221
valid2511,1.0137886478335572
valid2512,0.028604403148524336
valid2513,0.42123152801463037
valid2514,-0.070770676815562303
valid2515,-0.21386502139348457
valid2516,-0.014284025009883163
valid2517,0.0064462349587720716
valid2518,0.32559061355150387
valid2519,-0.37061906894224422
valid2520,0.0062799867136062396
valid2521,0.86724479907090546
valid2522,-0.21980792601876786
valid2523,0.021267872867017375
valid2524,-0.007305689746744711
valid2525,-0.072497665048811402
valid2526,0.055335897928269359
valid2527,0.50234253474884405
valid2528,-0.16476804694117578
valid2529,0.96223788283876333
valid2530,-0.11980010077774968
valid2531,-1.0438537865484439
valid2532,0.70717215966637881
valid2533,0.64535557361032891
valid2534,0.21946374379165995
valid2535,0.046642175305829342
valid2536,-0.2485861559831079
valid2537,0.12717429144702194
valid2538,0.31467170939660472
valid2539,-0.27163304482820871
valid2540,-0.80422299193539981
valid2541,0.41979456582714375
valid2542,0.2192299916956596
valid2543,-1.3130644541794363
valid2544,0.095663050850191986
valid2545,-1.016384509336782
valid2546,-0.032997047809754189
valid2547,-0.65578159999912444
valid2548,-0.59876258040302033
valid2549,-1.0925912910547568
valid2550,0.065362964407602836
valid2551,-0.083406010630334856
valid2552,-0.0084800361979205444
valid2553,0.15394878728050015
valid2554,-0.99011661130584738
valid2555,-0.46702046586948603
valid2556,-0.98575738672669211
valid2557,-0.93225366700420842
valid2558,0.96318166484387757
valid2559,-0.59578347036861923
valid2560,-0.27514491262109197
valid2561,0.49090421210367485
valid2562,-0.1389926124984425
valid2563,-0.31543415674938435
valid2564,0.025621389528843852
valid2565,0.11790694221336295
valid2566,-0.017504470348107166
valid2567,-0.21611606755227686
valid2568,0.42333104912666669
valid2569,0.26274770212289883
valid2570,0.3831831411021438
valid2571,-0.067298360297691942
valid2572,-0.51514252123771642
valid2573,1.0011304284529607
valid2574,-0.15931316013258889
valid2575,-0.48446901253205255
valid2576,-0.13281243789353042
valid2577,-0.1779578059136277
valid2578,-0.0025790597658868811
valid2579,-0.017596403982767506
valid2580,-0.24299061351856982
valid2581,0.74991600223449228
valid2582,-0.061686782584533383
valid2583,0.097911414811929234
valid2584,0.062745765354960334
valid2585,-0.85110583962687492
valid2586,0.79723320018912491
valid2587,0.068237732684659491
valid2588,0.0851259712264439
valid2589,0.13239296419521965
valid2590,0.22575891227672787
valid2591,0.076209602664195894
valid2592,0.076791442676400271
valid2593,0.096052183359486842
valid2594,-0.39818344328158456
valid2595,0.010078700469841134
valid2596,0.32227973151136685
valid2597,0.04236699974240192
valid2598,1.0576714559313252
valid2599,0.044053010058105198
valid2600,-0.040418077350122976
valid2601,0.9773063322865132
valid2602,1.1938579834040777
valid2603,-0.036906918008106228
valid2604,0.017955513358423773
valid2605,0.83618991030010148
valid2606,0.98870952794153955
valid2607,-0.064888227477266788
valid2608,-0.021145016285352841
valid2609,-0.095280350659810373
valid2610,-0.47662689523604168
valid2611,0.50209952789073609
valid2612,-0.088725416599100868
valid2613,-1.0415012861867494
valid2614,-0.25428966404765169
valid2615,-0.12853531527807371
valid2616,-0.033337580760468666
valid2617,0.015463918592466083
valid2618,-0.075344631663981407
valid2619,0.18771285173313021
valid2620,-0.84965660869530502
valid2621,0.33738552864010168
valid2622,-0.016163880886889859
valid2623,0.96009073507144382
valid2624,-0.15841356270687479
valid2625,-0.47483666687004411
valid2626,-0.31713379272183767
valid2627,0.075161313681325378
valid2628,-1.0815029762082629
valid2629,0.036470684673814611
valid2630,0.39975601913523884
valid2631,0.13872457676850253
valid2632,-0.06790841137911395
valid2633,-0.2489925159708675
valid2634,-0.066891891108090101
valid2635,0.38732268814407234
valid2636,0.54156185943611201
valid2637,0.88001697792601197
valid2638,0.020986798571364242
valid2639,0.99466125900235836
valid2640,-0.026452660702737954
valid2641,0.80440288530033155
valid2642,0.11751570920982619
